Intervention(s),Counts
e1370,423
e1370;mgDf47,107
qm150,74
mgDf47,68
mu86,66
pk924,59
e2141,56
e2141ts,54
ad1116,48
ad609,47
ad465,46
mu150,43
ia4,42
e1368,41
pk1426;mgDf47,39
ms23,32
ok524,31
zu67,30
ad609;ok769,30
ok1255,26
gk138,26
e1370;ok1255,25
tm1714,25
mu86;e1370,24
ok161,24
ok434,24
m577,23
mg306,22
qm30,20
gk138;qm150,20
qm150; qm189,19
ok769;ad609,19
tm3188,19
ms23;qm150; qm189,18
sy441,17
ia4;ok161,17
e2519,17
hx546,17
m26,16
qm200,16
nr2041,16
cxTi9279,15
zu135,15
ia4;mu86,14
ms23;qm150,14
pk924;ok434,14
mgDf50,13
pk1426,13
ok769,12
sv32,12
ok1387,12
n1084n3082,12
ok1251,11
ok799,11
sa307,11
qm37,10
ok1030,10
qm38,10
ok589,10
qm150;n1162,9
mgDf90,9
bn18,9
xuEx601,9
tm1818,9
ok198,9
gm150,9
mgDf47; zu67,9
n1605,8
fc21,8
ok538,8
ok232,8
ok1255;e1370,8
zc12,8
ia04,8
rh50,8
ne219,7
ok1207,7
ok393,7
bn7,6
tm5539,6
m81;e138,6
e1372,6
e1370;zu67,6
ok186,6
m577;tm5539,6
rf;m577,6
lg601,6
tm783,6
ok559,6
ad1113,6
cg116,6
tm1108,6
e2400,6
ot1,6
n1162,6
ar202,6
ok999,6
qm200;n1162,6
e1370;zc12,5
ok1744,5
tm2658;m577,5
n2259,5
pk349,5
tm2658,5
e1370;zu135,5
tm1978,5
ad609;ok232,5
pk924;n4426,5
n4426,5
pk15,5
e1370;mu86,5
215F;ok769,5
215F,5
rr48,5
ok1474,5
hx546;b26,5
xuEx913,5
it57,5
gk270,5
ok849,5
pk924;mgDf47,5
tm1530,5
ft15,5
ky289,5
tm1011,4
wuIs152,4
ok275,4
pkls539,4
pk298te,4
d465,4
b26;hc17,4
mg455,4
ok525,4
tm1978;e2141,4
ok1494,4
ok165,4
mu150;b26;hc17,4
ok306,4
tm1452,4
mg329,4
e1370;ok799,4
ok837,4
sv31,4
n1540;ok1387,4
tm2984,4
m26;e1370,4
pk1417,4
zu129,4
mg344,4
tm1516,4
tm2990,4
n1540,4
KD,4
gk186,4
tm1422,4
e1365,4
xuEx1266,4
ak47,4
ok328,4
ok769;ad609;ks28,4
e912,3
ad609;mu86,3
ad1116;rh50,3
e1370;nr2041,3
e1368;nr2041,3
e2519;qm37,3
gk101,3
ok485,3
ok769;ad609;mu86,3
mg142,3
mu86;ad609,3
ad609;ia4,3
ad609;sa307,3
e1368;zc12,3
mu86;ad609;ok769,3
gk138;fc21,3
sa709,3
n1162;qm200,3
e928,3
tm760,3
qm150;n1162;sv32,3
km25,3
m596,3
ok769;ad609;sa307,3
e246,3
qm200;n1162;sv32,3
ok769;ad609;ia4,3
qm150;ok799,3
qm150;n1162;n1084n3082,3
mg337,3
e1406,3
tm1724,3
ok999;ok328,3
bn17,3
vp1,3
qm200;n1162;n1084n3082,3
ok1744;pk1426,3
qm30;qm37,3
n1084n3082;qm150,3
e1368;zu135,3
e1370;ok769;ad609,3
n1084n3082;qm200,3
m596;zu135,3
tm339,3
ft15;mu86,3
e1370;zu129,3
mgdf50,3
ad465;tm1818,3
e1370;ad609,3
n487,3
ok769;ad609;ok232,3
nr2004,3
gk3094,3
mgDf47;ak47,3
e1370;ok275,3
sv32;qm200,3
m79,3
tm1246,3
rh61rh411,3
sv32;qm150,3
p675;mu86,2
e1370;vp1,2
xuEx1266;mgDf47,2
qm38;e2400,2
sc13; mg44,2
p813,2
ok524;e1370;ok1255,2
sa191,2
e2519;e1370,2
tm3188;mg329,2
v33,2
pkIs539,2
sy441;tm1714,2
e1386,2
mg344;mg306,2
e1370;ok2710,2
ok524;ok1255,2
tm3188;mg455,2
bn2;e1370,2
zu169,2
mg306;ut187,2
zu225,2
mg306;mg455,2
e1370;e1375,2
lg601;e1370,2
ky10;ak47,2
pk349;n1605,2
e1370;e2519,2
m130,2
tm3188;ok393,2
e1375,2
tm3188;e2141,2
qm38;qm30,2
bp283,2
m26;e2519,2
e450;mu86,2
hx546;b26;e1370,2
p811,2
tm1530;e1370,2
ade465,2
e2141ts;nr2041,2
we3,2
ok524;e1370,2
m81; e1282,2
mgDf47;e1370;ok1255,2
tm3411,2
ok538;xuEx601,2
bn2ts,2
tm339;e1370,2
tm3188;mg306,2
ok3235,2
e1370;we3,2
n179,2
e1390,2
mg451,2
e1370;tm1714,2
e1370;ok1387,2
ar202; ok1255,2
nr2037,2
tm3188;mg337,2
kn1,2
sj173,2
cg116;ok3235,2
ar202;e1370,2
m79;ok1387,2
e1370;n1605,2
mu86;e1372,2
s69,2
e450,2
cg116;ok2916,2
ut187,2
tm1714;ok524,2
ok1396,2
bp283;e1370,2
ok2165,2
KD;KD,2
ok525;ok393,2
mg450,2
e1370;mgdf90,2
ar202;e1370;ok1255,2
bn2,2
qm150;qm189,2
tm3188;tm2447,2
xuEx601;mgDf47,2
ju145,2
 ok1255,2
mgDf47;xuEx913,2
ok538;xuEx913,2
mgDf47;xuEx916,2
mg348,2
tm1011;e2141ts,2
qm38;qm37,2
mg306;mu86,2
tm1714;mu86,2
ok3091,2
pk18,2
e1368;zu67,2
tm760;tm1246,2
m20,2
nr2037;e1370,2
e1368;ok799,2
tm2447,2
fc21;gk138,2
pkls539;n1605,2
e1370;qm200,2
tm3188;mg344,2
ad1116;ok799,2
mgDf47;p811,2
pkIs540;n1605,2
mgDf90;e1372,2
p675,2
qm38;e2519,2
oy21,2
e1370; tm1714,2
xuEx916,2
m26;lg601,2
ok2916,2
ia3,2
e1370;qm150,1
ia04;sa307,1
pkIs539;pk298te,1
v33;ia04,1
pk15;pk298te,1
h98;e61;e450,1
ok1207;mg142,1
tm1108;hx546,1
e1370;pk924,1
tm2416,1
qm152,1
mgDf47; e1282,1
mg44d,1
pk924;ok538,1
ok1474;e1370,1
e1370;m25,1
pkIs540,1
tm1994; ok524,1
e1370;lg601,1
e1369,1
e1376,1
gk7,1
pkls539;e1370;n1605,1
e928;e1370,1
ad1116;pk1426,1
ft4,1
oy21;xuEx619,1
ok198;e1368,1
ok169,1
sc13; mg44;mg144,1
lpEx21,1
p802;e1370,1
e1370;km25,1
e1370;qm159,1
mg306;ok393,1
e1370;qm38,1
qm162,1
qm30;ia4,1
e1370;qm152,1
mu86;m86,1
ok1207;e1370,1
e1368;ok524,1
xuEx606;mgDf47,1
qm150;qm150,1
mu86;nr2004,1
e1370;tm783;ok1030;tm760;gk101;tm1146,1
e1370;gk15,1
mg306;mg337,1
ia04;e1370,1
qm151,1
mg306;mg450,1
gf;m577,1
ok1207;hx546,1
e450;ok434,1
ok1030;e1370,1
ok999;xuEx913,1
oy21;xuEx601,1
sy441;ok1387,1
e138;m634,1
qm30;d465,1
e1370;ok551,1
e246;e1370,1
n1605;e1370,1
sa680;m27,1
tm1724;mu86,1
ok1947,1
e1370; e1282,1
m86,1
e979,1
m81; e1282;e1370; e1282,1
ok1030;ad1116,1
mgDf50;wuIs156,1
tm1907;tm339,1
e2400;qm37,1
ok1030;gk101,1
sa191;m20,1
ok691,1
sj173;e1370,1
e1368;ok275,1
tm1724;e1370,1
hx546;b26;m26,1
e1370;tm1108,1
xuEx619,1
tm1246;tm760,1
mgDf47;ft4,1
qm150;qm200,1
sa307;ad1116,1
e1372;ok186,1
ok1030;qm150,1
pkls539;e1370,1
km25;ok1387,1
tm760;ok1030,1
ok1744;sa709,1
mgDf47;mg450,1
s69;ok434,1
tm2416;tm2308,1
ok198;km2,1
ky10,1
qm30;ok161,1
km4,1
ia04;zu67,1
m27;e928,1
geIn3,1
mg44,1
ok1947;tm1978,1
gf;e1370,1
ok1744;mg306,1
ad465;tm1516,1
s69; mu86;ok434,1
mg306;xuEx601,1
qm150;ia4,1
n498;n1186,1
mg338;mgDf47,1
ok1744;mg305,1
ok1207;mg144,1
zls3000,1
m26;d465,1
ok161;ia4,1
pk349;pk15,1
ok1744;mgDf47,1
mg338,1
ok1474;mu86,1
mg348;mg306,1
mg345;mgDf47,1
pk349;e1370;n1605,1
m79;e1370,1
pk924;ft15,1
ok524;ok1387,1
tm1907,1
mu86;p813,1
mu86;pkIs539,1
ok1030;e2141,1
ok593,1
mg306;mg227,1
gk15,1
m81; e1282;mgDf47; e1282,1
ag3,1
qm150;gk138,1
mg305,1
mu86;p678,1
sa191;m26,1
tm420,1
tm311,1
e1370;qm151,1
mg144,1
pk924;mg455,1
tm1246;tm783,1
ok393;xuEx601,1
e408,1
qm200;ad1116,1
mg306;mg348,1
pk298te;pk349,1
mgDf47;pk924,1
e1370;ok1558;ok1733,1
wuIs156,1
ks54,1
e1370;qm162,1
nr2004;e1370,1
mgDf47;mg451,1
lpEx22,1
ok1207;ok538,1
mu86;ok524,1
m184,1
ok1207;mu86,1
tm1246;ok1030,1
m26;e1370;lg601,1
e1370;sy441,1
tm2308,1
pk15;e1370,1
qm130,1
ok1744;e1370,1
qm169,1
qm30;sa307,1
e1368;tm5032,1
mu86;ok1387,1
e1370;ok524,1
xuEx606,1
e1368;tm5030,1
mu86;m79,1
e1368;zu129,1
it47ts,1
qm159,1
km2,1
sa680,1
gk101;e1370,1
e1370;sj134,1
pk1426;zu135,1
e1370;tm1516,1
e1370;e2400,1
gk138;e2519,1
sj173;e1370;sj134,1
mg306;mg329,1
ok485;e1370,1
m26;qm38,1
sj134,1
ok1474;hx546,1
ad1116;qm150,1
mg306;ft15,1
mu86;pk298te,1
ia04;mu86,1
qm200;gk138,1
e912;n179,1
ft1,1
gk101;tm783,1
gk-7,1
n1605;pk15,1
ok328;xuEx1266,1
e246;e928,1
mg329;mg306,1
mg198,1
lg12501,1
ad465;tm1530,1
bp283;mu86,1
tm1452;e1368,1
hx546;tm1108,1
e1406;e1376,1
ad465;ok434,1
m20;e1370,1
mgDf90;e1370,1
s69; mu86,1
e1406;m26,1
bp283;e1370;mu86,1
ok999;xuEx1266,1
ok198;gk7,1
sc13; mg44;m27,1
tm783;ok1030;tm760;gk101;tm1146,1
mgDf47;ft1,1
gf;e979,1
tm1724;m184,1
ok551,1
ok524;pk1255,1
ok1030;tm783,1
e1370;qm37,1
ok198;ks54,1
e1370;xuEx601,1
m26;e2400,1
mg344;e1370,1
d465;e2519,1
e1370;qm164,1
sj134;e1370,1
pk1426;e1368,1
mgDf47;ok559,1
pk1255,1
op236,1
mg227,1
gf;e1369,1
e1368;it47ts,1
ok198;hx546,1
e1370;ok434,1
pk1426;zu129,1
ia04;ok1255,1
e246;ok434,1
m27;e246,1
m577; tm5539,1
e450;mu86;ok434,1
ok1207;ok1474,1
tm783;tm760;tm1246,1
m26;qm150,1
mg345,1
sa307;ok1255,1
m577;ok524,1
pk349;e1370,1
p678,1
ok1030;tm760;tm1246,1
e1370;ok559,1
n498;n1186;xuEx601,1
qm150;ok161,1
hx546;b26;e1375,1
mg44;ok559,1
e1368;mg54,1
tm3036,1
pk15;pkIs539,1
e1370;ok999,1
qm164,1
mu86;pk15,1
hx546;b26;e2400,1
mg306;mg451,1
mu86;p802,1
e1406;m20,1
tm760;tm783,1
tm1907; tm339,1
qm150;sa307,1
s69;mu86,1
ok1558;ok1733,1
ad1113;ok434,1
p802,1
d465;e1370,1
mu86;n1605,1
ok1030;qm30,1
n1605;pk298te,1
kn-1,1
pk1426;zu67,1
ok1474;ok538,1
e1370;qm169,1
e2141;pk924,1
lpIn1,1
tm783;ok1030;gk101,1
gk-7;xuEx601,1
tm1994,1
gk101;ok1030,1
